data_captura,nome,ticker,link,vr_ultimo,vr_variacao_pct,qt_volume,hr_atualizacao
2026-06-06,Trend ETF LBMA Ouro,GOLD11,https://br.investing.com/etfs/gold11,23.150,-0.94%,"3,31M",17:54:59
2026-06-06,iShares Ibovespa ETF,BOVA11,https://br.investing.com/etfs/ishares-ibovespa,165.75,-0.91%,"2,07M",17:54:59
2026-06-06,Trend ETF Nasdaq 100 ETF,NASD11,https://br.investing.com/etfs/nasd11,20.80,-3.57%,"1,79M",17:54:59
2026-06-06,Hashdex Nasdaq Crypto ETF,HASH11,https://br.investing.com/etfs/hash11,40.12,-6.89%,"1,35M",17:54:59
2026-06-06,QR CME CF Bitcoin Reference Rate ETF,QBTC11,https://br.investing.com/etfs/qbtc11,19.03,-5.51%,"1,05M",17:54:59
2026-06-06,iShares BM&FBOVESPA Small Cap ETF,SMAL11,https://br.investing.com/etfs/ishares-bm-fbovespa-small-cap,107.71,-1.18%,"972,39K",17:54:59
2026-06-06,TREND LBMA OURO FUNDO DE INVESTIMENTO DE ÍNDICE -,GOLD11T,https://br.investing.com/etfs/gold11t-b3,24.03,+1.99%,"799,76K",17:54:59
2026-06-06,Hashdex Nasdaq Ethereum Reference Price ETF,ETHE11,https://br.investing.com/etfs/ethe11,23.40,-11.09%,"764,10K",17:54:59
2026-06-06,iShares MSCI ACWI BDR,BACW39,https://br.investing.com/etfs/bacw39,79.42,-1.61%,"666,44K",17:54:59
2026-06-06,BB ETF Ibovespa,BBOV11,https://br.investing.com/etfs/bbov11,88.87,-0.47%,"665,45K",17:54:59
2026-06-06,Trend B3 Ouro Classe De Índice - Resp Limitada,GOLX11,https://br.investing.com/etfs/golx11-b3,50.56,-2.88%,"466,07K",17:54:59
2026-06-06,INVESTO ETF MARKETVECTOR BRAZIL TREASURY 760 DAY T,LFTB11,https://br.investing.com/etfs/lftb11,122.05,+0.03%,"427,67K",17:54:59
2026-06-06,Buena Vista Neos Bitcoin High Income Index,COIN11,https://br.investing.com/etfs/coin11,38.42,-6.06%,"420,08K",17:54:59
2026-06-06,TREND ETF TEVA ITBR SELIC TARGET 760,LTBX11,https://br.investing.com/etfs/ltbx11,25.60,-0.08%,"415,35K",17:54:59
2026-06-06,Hashdex Nasdaq Bitcoin Reference Rate ETF,BITH11,https://br.investing.com/etfs/bith11,70.11,-6.50%,"410,92K",17:54:59
2026-06-06,QR CME CF Ether Reference Rate ETF,QETH11,https://br.investing.com/etfs/qeth11,5.75,-11.94%,"408,14K",17:54:59
2026-06-06,iShares Gold Trust BDR,BIAU39,https://br.investing.com/etfs/biau39,104.60,-1.34%,"401,36K",17:54:59
2026-06-06,ETF Trend CRSP US Large Cap,SPXU11,https://br.investing.com/etfs/usal11,16.32,-0.24%,"394,22K",17:54:59
2026-06-06,It Now Ibovespa ETF,BOVV11,https://br.investing.com/etfs/it-now-ibovespa-fundo-de-indice,174.25,-0.64%,"354,89K",17:54:59
2026-06-06,QR CME CF SOLANA,QSOL11,https://br.investing.com/etfs/qsol11,4.00,-10.91%,"329,87K",17:54:59
2026-06-06,BB Índice Futuro de Dólar S&P/B3 ETF,DOLA11,https://br.investing.com/etfs/dola11,10.15,+2.11%,"286,93K",17:54:59
2026-06-06,HASHDEX NASDAQ SOLANA,SOLH11,https://br.investing.com/etfs/solh11,9.01,-12.95%,"266,48K",17:54:59
2026-06-06,Trend Ibovespa ETF,BOVX11,https://br.investing.com/etfs/bovx11,17.35,-0.57%,"261,54K",17:54:59
2026-06-06,Trend ETF MSCI China,XINA11,https://br.investing.com/etfs/xina11,7.26,-0.82%,"237,87K",17:54:59
2026-06-06,BTG Pactual B3 Ibovespa ETF,IBOB11,https://br.investing.com/etfs/ibob11,139.26,-0.61%,"186,68K",17:54:59
2026-06-06,Investo ETF MarketVector Bitcoin,HODL11,https://br.investing.com/etfs/hodl11,52.55,-5.87%,"167,89K",17:54:59
2026-06-06,IT Now NYSE Fang+TM ETF,TECK11,https://br.investing.com/etfs/teck11,113.42,-5.73%,"162,66K",17:54:59
2026-06-06,It Now Ntn-B 2035,TD3511,https://br.investing.com/etfs/td3511,50.21,-0.75%,"162,09K",17:54:59
2026-06-06,ETF BTG Teva Debêntures DI,DEBB11,https://br.investing.com/etfs/debb11,16.52,+0.06%,"160,83K",17:54:59
2026-06-06,ETF Trend ETF MSCI US Technology,UTEC11,https://br.investing.com/etfs/utec11,28.19,-5.15%,"158,23K",17:54:59
2026-06-06,iShares Bitcoin Trust BDR,IBIT39,https://br.investing.com/etfs/ibit39,59.52,-6.36%,"157,22K",17:54:59
2026-06-06,ETF Investo Teva Tesouro Selic,LFTS11,https://br.investing.com/etfs/lfts11,154.07,+0.03%,"121,14K",17:54:59
2026-06-06,iShares S&P 500 ETF,IVVB11,https://br.investing.com/etfs/fundo-de-invest-ishares-sp-500,429.47,-0.52%,"115,61K",17:54:59
2026-06-06,iShares Silver Trust BDR,BSLV39,https://br.investing.com/etfs/bslv39,106.48,-4.78%,"109,90K",17:54:59
2026-06-06,Investo US Listed Semiconductor 25 Index FDI,CHIP11,https://br.investing.com/etfs/chip11,36.60,-8.04%,"108,75K",17:54:59
2026-06-06,IT NOW S&P 500 FUTURES QUANTO BRL,SPXR11,https://br.investing.com/etfs/spxr11,70.69,-2.70%,"108,59K",17:54:59
2026-06-06,Trend MSCI ACWI ETF,ACWI11,https://br.investing.com/etfs/acwi11,16.71,-0.89%,"101,95K",17:54:59
2026-06-06,iShares MSCI Emerging Markets BDR,BEEM39,https://br.investing.com/etfs/beem39,55.55,-6.07%,"101,21K",17:54:59
2026-06-06,It Now SP&500 TRN ETF,SPXI11,https://br.investing.com/etfs/it-now-sp500-trn,51.93,-0.90%,"96,27K",17:54:59
2026-06-06,It Now IMA-B5 P2 ETF,B5P211,https://br.investing.com/etfs/b5p211,107.20,-0.20%,"92,88K",17:54:59
2026-06-06,Global X Copper Miners BDR,BCPX39,https://br.investing.com/etfs/bcpx39,41.78,-7.99%,"91,51K",17:54:59
2026-06-06,BTG Pactual Teva AUVP ITBR Liquidez,AUPO11,https://br.investing.com/etfs/aupo11,106.15,-0.03%,"85,57K",17:54:59
2026-06-06,BTG PACTUAL TEVA TESOURO IPCA ULTRA LONGO CE,PACB11,https://br.investing.com/etfs/pacb11,10.55,-1.40%,"81,64K",17:54:59
2026-06-06,iShares Core MSCI Europe BDR,BIEU39,https://br.investing.com/etfs/bieu39,63.69,+0.17%,"80,02K",17:54:59
2026-06-06,It Now IDIV ETF,DIVO11,https://br.investing.com/etfs/it-now-idiv,120.68,-0.72%,"71,14K",17:54:59
2026-06-06,iShares U.S. Medical Devices BDR,BIHI39,https://br.investing.com/etfs/bihi39,7.34,+4.26%,"70,02K",17:54:59
2026-06-06,It Now Gold BRL Fundo de Índice Resp Limitada,GLDI11,https://br.investing.com/etfs/gldi11-b3,55.98,-2.27%,"65,88K",17:54:59
2026-06-06,It Now ID ETF IMA-B ETF,IMAB11,https://br.investing.com/etfs/imab11,111.830,-0.72%,"65,06K",17:54:59
2026-06-06,Global X Uranium BDR,BURA39,https://br.investing.com/etfs/bura39,39.00,-8.45%,"62,06K",17:54:59
2026-06-06,BTG Pactual S&P 500 ETF,SPXB11,https://br.investing.com/etfs/spxb11,16.79,-0.30%,"54,59K",17:54:59
2026-06-06,iShares Core MSCI Emerging Markets BDR,BIEM39,https://br.investing.com/etfs/biem39,67.66,-5.75%,"51,95K",17:54:59
2026-06-06,GALAPAGOS TEVA TESOURO SELIC & IPCA+,POSB11,https://br.investing.com/etfs/posb11,102.70,-0.03%,"46,70K",17:54:59
2026-06-06,Hashdex Nasdaq XRP,XRPH11,https://br.investing.com/etfs/xrph11,8.91,-6.21%,"45,53K",17:54:59
2026-06-06,INVESTO ARGENTINA,ARGE11,https://br.investing.com/etfs/arge11,13.28,+0.45%,"43,93K",17:54:59
2026-06-06,Buena Vista Dex VettaFi Neos Ethereum High Income,ETHY11,https://br.investing.com/etfs/ethy11,45.74,-10.56%,"40,63K",17:54:59
2026-06-06,iShares Core S&P 500 BDR,BIVB39,https://br.investing.com/etfs/bivb39,95.70,-0.42%,"40,54K",17:54:59
2026-06-06,Global X Silver Miners BDR,BSIL39,https://br.investing.com/etfs/bsil39,40.57,-7.92%,"37,67K",17:54:59
2026-06-06,Investo GP S&P 500 Fundo de Índice,GPUS11,https://br.investing.com/etfs/gpus11,115.02,-0.42%,"36,02K",17:54:59
2026-06-06,Investo FTSE Global Equities,WRLD11,https://br.investing.com/etfs/wrld11,143.01,-1.07%,"35,75K",17:54:59
2026-06-06,iShares U.S. Financials BDR,BIYF39,https://br.investing.com/etfs/biyf39,42.80,+4.06%,"35,40K",17:54:59
2026-06-06,BB Índice Diversidade B3 ETF,DVER11,https://br.investing.com/etfs/dver11,12.24,-0.57%,"35,00K",17:54:59
2026-06-06,It Now IRF-M P3 Fundo de Indice,IDKA11,https://br.investing.com/etfs/idka11,58.28,-0.83%,"34,83K",17:54:59
2026-06-06,iShares MSCI All Country Asia ex Japan BDR,BAAX39,https://br.investing.com/etfs/baax39,48.91,-21.02%,"32,55K",17:54:59
2026-06-06,ETF Safra Mulheres na Liderança,ELAS11,https://br.investing.com/etfs/elas11,160.36,-0.47%,"30,22K",17:54:59
2026-06-06,ETF Hashdex DeFi,DEFI11,https://br.investing.com/etfs/defi11,10.34,-15.18%,"29,76K",17:54:59
2026-06-06,Investo MSCI US Technology ETF,USTK11,https://br.investing.com/etfs/ustk11,21.28,-5.34%,"27,44K",17:54:59
2026-06-06,ETF Hashdex Smart Contract Platforms,WEB311,https://br.investing.com/etfs/web311,11.51,-14.68%,"23,79K",17:54:59
2026-06-06,ETF It Now Bloomberg Galaxy,BITI11,https://br.investing.com/etfs/biti11,27.89,-6.44%,"23,78K",17:54:59
2026-06-06,It Now IRF-M P2,IRFM11,https://br.investing.com/etfs/irfm11,99.64,-0.54%,"23,06K",17:54:59
2026-06-06,It Now IDIV Renda Dividendos,DIVD11,https://br.investing.com/etfs/divd11,59.72,-0.71%,"22,62K",17:54:59
2026-06-06,iShares MSCI Japan BDR,BEWJ39,https://br.investing.com/etfs/bewj39,58.60,-1.60%,"22,21K",17:54:59
2026-06-06,iShares MSCI South Korea,BEWY39,https://br.investing.com/etfs/bewy39,118.62,-15.20%,"22,13K",17:54:59
2026-06-06,Nu Iboxx BRL High Yield,HYBR11,https://br.investing.com/etfs/hybr11,54.19,-0.42%,"21,11K",17:54:59
2026-06-06,Nu Letras Financeiras Anbima,NLFA11,https://br.investing.com/etfs/nlfa11,106.44,-0.01%,"20,21K",17:54:59
2026-06-06,iShares MSCI Germany BDR,BEWG39,https://br.investing.com/etfs/bewg39,72.03,+0.10%,"20,06K",17:54:59
2026-06-06,Investo MSCI Real Estate ETF,ALUG11,https://br.investing.com/etfs/alug11,42.44,+4.20%,"19,83K",17:54:59
2026-06-06,Buena Vista Nasdaq-100 High Income,QQQI11,https://br.investing.com/etfs/qqqi11,97.50,-2.70%,"18,30K",17:54:59
2026-06-06,BTG PACTUAL TEVA LETRAS FINANCEIRAS DI QUALIDADE,LFIN11,https://br.investing.com/etfs/btg-pactual-teva-letras,110.00,+0.15%,"18,16K",17:54:59
2026-06-06,ETF Empiricus Teva Criptomoedas Top 20,CRPT11,https://br.investing.com/etfs/crpt11,11.67,-0.26%,"17,92K",17:54:59
2026-06-06,BTG Pactual S&P/B3 Ingenius ETF,GENB11,https://br.investing.com/etfs/genb11,18.41,-4.11%,"17,31K",17:54:59
2026-06-06,It Now PIBB IBrX-50 ETF,PIBB11,https://br.investing.com/etfs/it-now-pibb-ibrx-50,301.95,-0.66%,"17,29K",17:54:59
2026-06-06,BB Índice Futuro de Boi Gordo B3 ETF,BBOI11,https://br.investing.com/etfs/bboi11,11.55,-0.43%,"16,82K",17:54:59
2026-06-06,iShares MSCI EAFE Growth BDR,BEFG39,https://br.investing.com/etfs/befg39,62.35,+0.61%,"16,56K",03/06
2026-06-06,Global X CleanTech BDR,BCTE39,https://br.investing.com/etfs/bcte39,46.02,-5.52%,"16,37K",17:54:59
2026-06-06,Investo B3 Utilidade Publica Fundo De Indice,UTLL11,https://br.investing.com/etfs/utll11,118.66,-0.66%,"16,20K",17:54:59
2026-06-06,It Now IMAT ETF,MATB11,https://br.investing.com/etfs/it-now-imat,61.58,-2.07%,"15,57K",17:54:59
2026-06-06,Buena Vista US High Income ETF,SPYI11,https://br.investing.com/etfs/spyi11,108.16,+0.47%,"14,87K",17:54:59
2026-06-06,Nu Ibov Smart High Beta B3 ETF,HIGH11,https://br.investing.com/etfs/high11,83.10,-0.93%,"13,51K",17:54:59
2026-06-06,ETF iShares Semiconductor BDR,BSOX39,https://br.investing.com/etfs/bsox39,70.65,-9.95%,"13,14K",17:54:59
2026-06-06,iShares Ethereum Trust ETF,ETHA39,https://br.investing.com/etfs/etha39,20.40,-11.30%,"12,31K",17:54:59
2026-06-06,BTG Pactual Teva AUVP Ações Fundamentos Fundo de Í,AUVP11,https://br.investing.com/etfs/auvp11,115.87,-0.15%,"11,63K",17:54:59
2026-06-06,Global X MSCI China Consumer Discretionary BDR,BCHQ39,https://br.investing.com/etfs/bchq39,23.22,-1.69%,"11,40K",03/06
2026-06-06,Trend Bloomberg Bitcoin Index Methodology Classe D,XBIT11,https://br.investing.com/etfs/xbit11-b3,30.17,-6.33%,"11,23K",17:54:59
2026-06-06,ETF It Now IMA-B5+,IB5M11,https://br.investing.com/etfs/ib5m11,120.64,-0.86%,"11,19K",17:54:59
2026-06-06,Trend Bloomberg Ethereum Classe De Índice - Resp L,XETH11,https://br.investing.com/etfs/xeth11-b3,21.94,-10.16%,"11,04K",17:54:59
2026-06-06,Trend S&P / B3 Dolar Classe De Índice - Resp Limit,DOLX11,https://br.investing.com/etfs/dolx11-b3,47.53,+1.86%,"10,83K",17:54:59
2026-06-06,Global X Artificial Intelligence & Technology BDR,BAIQ39,https://br.investing.com/etfs/baiq39,53.95,-7.83%,"10,76K",17:54:59
2026-06-06,ETF Hashdex Crypto Metaverse,META11,https://br.investing.com/etfs/meta11,6.00,-15.85%,"10,53K",17:54:59
2026-06-06,Trend S&P 500 Quanto Classe De Índice - Resp Limit,SPXH11,https://br.investing.com/etfs/spxh11-b3,55.47,-2.20%,"10,36K",17:54:59
2026-06-06,iShares MSCI Canada BDR,BEWC39,https://br.investing.com/etfs/bewc39,74.70,+0.51%,"9,70K",17:54:59
2026-06-06,Rio Bravo Investo Marketvector Brazil Multifactor,QLBR11,https://br.investing.com/etfs/qlbr11,110.53,-0.03%,"9,67K",17:54:59
2026-06-06,ETF Bradesco Ibovespa,BOVB11,https://br.investing.com/etfs/etf-bradesco-ibovespa-fdo-de-indice,173.07,-0.77%,"9,64K",17:54:59
2026-06-06,ETF Trend IFIX,XFIX11,https://br.investing.com/etfs/xfix11,13.57,-0.22%,"9,46K",17:54:59
2026-06-06,ETF iShares 20+ Year Treasury Bond BDR,BTLT39,https://br.investing.com/etfs/btlt39,29.19,+1.11%,"9,13K",17:54:59
2026-06-06,Nu Ibov Smart Low Volatilty B3 ETF,LVOL11,https://br.investing.com/etfs/lvol11,133.23,-0.48%,"9,05K",17:54:59
2026-06-06,ETF BTG Pactual Teva Ações Commodities Brasil,CMDB11,https://br.investing.com/etfs/cmdb11,16.54,-1.72%,"8,79K",17:54:59
2026-06-06,ETF Investo Teva Tesouro IPCA+ 0 a 4 Anos,NTNS11,https://br.investing.com/etfs/ntns11,65.10,-0.34%,"8,60K",17:54:59
2026-06-06,iShares Short Treasury Bond BDR,BSHV39,https://br.investing.com/etfs/bshv39,56.64,+1.52%,"8,34K",17:54:59
2026-06-06,Nu iBoxx Investment Grade Hedge Carry BRL,HGBR11,https://br.investing.com/etfs/nu-iboxx-investment-grade,54.43,+0.09%,"8,09K",17:54:59
2026-06-06,Buena Vista Dex Vettafi Neos Energy Infrastructure,PIPE11,https://br.investing.com/etfs/pipe11-b3,99.82,+2.40%,"7,91K",17:54:59
2026-06-06,ETF QR Bloomberg DeFi,QDFI11,https://br.investing.com/etfs/qdfi11,1.49,-11.83%,"7,65K",17:54:59
2026-06-06,BTG Pactual SMLL B3 ETF,SMAB11,https://br.investing.com/etfs/smab11,7.90,-0.75%,"7,13K",17:54:59
2026-06-06,ETF BB Índice Futuro de Milho B3,CORN11,https://br.investing.com/etfs/corn11,7.09,-0.14%,"6,96K",17:54:59
2026-06-06,Investo FTSE All-World Fundo de Indice,VWRA11,https://br.investing.com/etfs/vwra11,109.31,-0.94%,"6,36K",17:54:59
2026-06-06,Nu Renda Ibov Smart Dividendos ETF,NDIV11,https://br.investing.com/etfs/ndiv11,118.39,-1.38%,"6,20K",17:54:59
2026-06-06,It Now IFNC ETF,FIND11,https://br.investing.com/etfs/it-now-ifnc,166.47,-0.35%,"6,18K",17:54:59
2026-06-06,Mirae Asset Renda Fixa Pré ETF,FIXA11,https://br.investing.com/etfs/mirae-asset-renda-fixa-pre,18.81,-0.74%,"6,07K",17:54:59
2026-06-06,It Now Ntn-B 2060,TD6011,https://br.investing.com/etfs/td6011,49.69,-1.41%,"5,56K",17:54:59
2026-06-06,BTG PACTUAL TEVA DIVIDENDOS ATIVOS REAIS LISTADOS,TIRB11,https://br.investing.com/etfs/tirb11,13.35,-1.11%,"5,12K",17:54:59
2026-06-06,Investo Bloomberg US Bond ETF,USDB11,https://br.investing.com/etfs/usdb11,99.46,+1.51%,"5,10K",17:54:59
2026-06-06,It Now Small Caps ETF,SMAC11,https://br.investing.com/etfs/smac11,56.17,-1.11%,"4,62K",17:54:59
2026-06-06,Investo MVIS Global Uranium & Nuclear Energy ETF,NUCL11,https://br.investing.com/etfs/nucl11,77.09,-5.67%,"4,55K",17:54:59
2026-06-06,It Now Ntn-B 2050,TD5011,https://br.investing.com/etfs/td5011,49.42,-1.32%,"4,24K",17:54:59
2026-06-06,iShares IBrX Brasil ETF,BRAX11,https://br.investing.com/etfs/ishares-ibrx-brazil---ibrx100,141.46,-0.98%,"4,20K",17:54:59
2026-06-06,IT NOW S&P IMA-B Fundo De Indice,GOAT11,https://br.investing.com/etfs/goat11,55.97,-0.43%,"4,16K",17:54:59
2026-06-06,investo Brazil Besst Quality Fundo de Indice,BEST11,https://br.investing.com/etfs/best11,110.25,-0.51%,"3,95K",17:54:59
2026-06-06,ETF VanEck Vectors Gold Miners BDR,GDXB39,https://br.investing.com/etfs/gdxb39,135.81,-7.59%,"3,90K",17:54:59
2026-06-06,ETF Investo S&P SmallCap 600 Value,SVAL11,https://br.investing.com/etfs/sval11-bm-fbovespa,146.91,+1.37%,"3,58K",17:54:59
2026-06-06,BTG PACTUAL MARGEM DEBÊNTURES ULTRA QUALIDADE DI B,MARG11,https://br.investing.com/etfs/marg11,118.84,0.00%,"3,57K",17:54:59
2026-06-06,Buena Vista Neos Gold High,AURO11,https://br.investing.com/etfs/auro11,99.29,-1.00%,"3,50K",17:54:59
2026-06-06,It Now ISE ETF,ISUS11,https://br.investing.com/etfs/it-now-ise,41.56,-0.02%,"3,49K",17:54:59
2026-06-06,TREND LBMA PRATA CLASSE DE ÍNDICE - RESPONSABILIDA,SLVR11,https://br.investing.com/etfs/slvr11-b3,43.28,-5.21%,"3,27K",17:54:59
2026-06-06,Buena Vista Neos Russell 2000 High Income,IWMI11,https://br.investing.com/etfs/iwmi11,80.98,-0.18%,"3,18K",17:54:59
2026-06-06,iShares 7-10 Year Treasury Bond BDR,BIYT39,https://br.investing.com/etfs/biyt39,48.10,+1.39%,"3,07K",17:54:59
2026-06-06,Nu Ibov Smart Dividendos ETF,NSDV11,https://br.investing.com/etfs/nsdv11-b3,146.80,-1.56%,"2,77K",17:54:59
2026-06-06,abrdn Physical Silver Shares BDR,SIVR39,https://br.investing.com/etfs/sivr39,111.36,-5.79%,"2,73K",17:54:59
2026-06-06,BTG PACTUAL TEVA ITBR IPCA RENDIMENTO,AREA11,https://br.investing.com/etfs/btg-pactual-teva-itbr,102.26,-0.97%,"2,64K",17:54:59
2026-06-06,Buena Vista Neos Real Estate High Income Index Fun,CASA11,https://br.investing.com/etfs/casa11,88.26,+3.75%,"2,47K",17:54:59
2026-06-06,Buena Vista Hashdex Gold & Bitcoin- Resp Limitada,GBTC11,https://br.investing.com/etfs/gbtc11,25.80,-3.19%,"2,31K",17:54:59
2026-06-06,BB ETF Indice DAP5 B3,BDAP11,https://br.investing.com/etfs/bdap11,12.59,-0.55%,"2,28K",17:54:59
2026-06-06,iShares Global Clean Energy BDR,BICL39,https://br.investing.com/etfs/bicl39,54.60,-7.43%,"2,11K",17:54:59
2026-06-06,It Now Russell 1000 Green Revenues 50 ETF,REVE11,https://br.investing.com/etfs/reve11,77.89,-1.65%,"2,00K",17:54:59
2026-06-06,iShares Russell 2000 BDR,BIWM39,https://br.investing.com/etfs/biwm39,72.86,-0.60%,"1,94K",17:54:59
2026-06-06,Global X Genomics And Biotechnology BDR,BGNO39,https://br.investing.com/etfs/bgno39,42.54,+4.75%,"1,91K",17:54:59
2026-06-06,Hashdex Momentum Fundo De Indice - RESPONSABILIDAD,FOMO11,https://br.investing.com/etfs/fomo11,17.04,-9.75%,"1,70K",17:54:59
2026-06-06,Buena Vista Nasdaq-100 High Beta,QQQQ11,https://br.investing.com/etfs/qqqq11,130.78,-8.10%,"1,67K",17:54:59
2026-06-06,Global X Robotics and Artificial Intelligence BDR,BOTZ39,https://br.investing.com/etfs/botz39,48.94,-4.41%,"1,65K",17:54:59
2026-06-06,INVESTO SOLACTIVE GOLD SPOT INDEX FUNDO DE ÍNDICE,GLDX11,https://br.investing.com/etfs/gldx11-b3,104.13,-1.27%,"1,62K",17:54:59
2026-06-06,ETF Investo Bloomberg Global Bond,BNDX11,https://br.investing.com/etfs/bndx11-bm-fbovespa,98.67,+1.73%,"1,51K",17:54:59
2026-06-06,B-Index Ouro BRL B3 Fundo de Índice - Resp Limitad,OURO11,https://br.investing.com/etfs/ouro11-b3,95.73,-2.82%,"1,50K",17:54:59
2026-06-06,BTG Pactual IMA-B5 P2,PACC11,https://br.investing.com/etfs/pacc11,117.33,-0.32%,"1,41K",17:54:59
2026-06-06,GALAPAGOS FTSE GLOBAL EQUITIES EX US,GXUS11,https://br.investing.com/etfs/gxus11,108.50,-2.03%,"1,28K",17:54:59
2026-06-06,iShares S&P 500 Value BDR,BIVE39,https://br.investing.com/etfs/bive39,78.26,+2.03%,"1,24K",17:54:59
2026-06-06,iShares U.S. Aerospace & Defense BDR,BAER39,https://br.investing.com/etfs/baer39,59.04,+3.43%,"1,11K",17:54:59
2026-06-06,Nu Ibovespa B3 BR+,NBOV11,https://br.investing.com/etfs/nbov11,114.02,-0.18%,"1,06K",17:54:59
2026-06-06,B-Index S&P 500 BRL Fundo de Índice - Resp Limitad,SPYR11,https://br.investing.com/etfs/spyr11-b3,111.27,-1.29%,"1,00K",17:54:59
2026-06-06,iShares MSCI Taiwan BDR,BEWT39,https://br.investing.com/etfs/bewt39,82.56,-8.68%,"0,93K",17:54:59
2026-06-06,iShares 0-3 Month Treasury Bond BDR,DOLL39,https://br.investing.com/etfs/doll39,51.45,+1.12%,"0,89K",17:54:59
2026-06-06,iShares iBoxx $ Investment Grade Corporate Bond BD,BLQD39,https://br.investing.com/etfs/blqd39,55.69,+1.14%,"0,82K",17:54:59
2026-06-06,iShares Global Healthcare BDR,BIXJ39,https://br.investing.com/etfs/bixj39,62.00,+6.27%,"0,76K",17:54:59
2026-06-06,iShares Latin America 40 BDR,BILF39,https://br.investing.com/etfs/bilf39,57.24,-0.93%,"0,73K",17:54:59
2026-06-06,Phronesis Teva IPCA Dynamic Yield Selection,PHIP11,https://br.investing.com/etfs/phip11,115.11,-0.82%,"0,65K",17:54:59
2026-06-06,Buena Vista Neos Enhanced Income 1-3 Month T-Bill,FIXX11,https://br.investing.com/etfs/fixx11,94.13,+1.11%,"0,64K",17:54:59
2026-06-06,BTG Pactual IMA-B 5+,PACL11,https://br.investing.com/etfs/pacl11,106.68,-0.76%,"0,64K",17:54:59
2026-06-06,Global X NASDAQ 100 Covered Call BDR,BQYL39,https://br.investing.com/etfs/bqyl39,30.61,-0.33%,"0,63K",17:54:59
2026-06-06,ETF iShares U.S. Energy BDR,BIYE39,https://br.investing.com/etfs/biye39,105.25,-0.62%,"0,61K",17:54:59
2026-06-06,Ishares Core High Dividend BDR,BHDV39,https://br.investing.com/etfs/bhdv39,14.22,+2.67%,"0,59K",17:54:59
2026-06-06,iShares 3-7 Year Treasury Bond BDR,BIEI39,https://br.investing.com/etfs/biei39,50.09,-2.98%,588.00,17:54:59
2026-06-06,Safra Ibovespa Empresas Privadas Fundo de Índice -,SPVT11,https://br.investing.com/etfs/spvt11-b3,65.06,-0.66%,"0,58K",17:54:59
2026-06-06,Safra Ibovespa ETF,BOVS11,https://br.investing.com/etfs/saet11,130.23,-0.85%,"0,57K",17:54:59
2026-06-06,ETF Trígono Teva Micro Cap/Small Cap,TRIG11,https://br.investing.com/etfs/trig11,43.52,-0.16%,"0,55K",17:54:59
2026-06-06,ETF BB Iagro-FFS,AGRI11,https://br.investing.com/etfs/agri11,38.51,-0.23%,"0,54K",17:54:59
2026-06-06,Global X US Infrastructure Development BDR,BPVE39,https://br.investing.com/etfs/bpve39,48.80,+0.25%,"0,53K",17:54:59
2026-06-06,Global X Lithium & Battery Tech BDR,BLBT39,https://br.investing.com/etfs/blbt39,49.34,-8.68%,"0,49K",17:54:59
2026-06-06,iShares MSCI China BDR,BCHI39,https://br.investing.com/etfs/bchi39,34.92,-1.61%,"0,46K",17:54:59
2026-06-06,It Now ETF Connect E Fund MSCI China A50,SILK11,https://br.investing.com/etfs/silk11,63.28,-3.51%,"0,46K",17:54:59
2026-06-06,Buena Vista Dex Neos International High Income ETF,GDIV11,https://br.investing.com/etfs/gdiv11,96.05,+0.05%,"0,44K",17:54:59
2026-06-06,BTG Pactual IMA-B,PACG11,https://br.investing.com/etfs/pacg11,113.22,-0.69%,"0,41K",17:54:59
2026-06-06,BUENA VISTA DEX VETTAFI NEOS BOOSTED S&P 500 HIGH,XSPI11,https://br.investing.com/etfs/xspi11-b3,106.47,-1.11%,"0,41K",17:54:59
2026-06-06,iShares U.S. Technology BDR,BIYW39,https://br.investing.com/etfs/biyw39,35.97,-3.77%,"0,40K",17:54:59
2026-06-06,Investo MVIS US Business Development Companies Ind,BIZD11,https://br.investing.com/etfs/bizd11,75.31,+2.73%,"0,38K",17:54:59
2026-06-06,Global X Cybersecurity BDR,BBUG39,https://br.investing.com/etfs/bbug39,60.20,-3.03%,"0,36K",17:54:59
2026-06-06,BB S&P Dividendos ETF,BBSD11,https://br.investing.com/etfs/bb-sp-dividendos,127.51,-0.12%,"0,35K",17:54:59
2026-06-06,iShares Nasdaq Biotechnology BDR,BIBB39,https://br.investing.com/etfs/bibb39,56.45,+2.71%,"0,34K",03/06
2026-06-06,iShares MSCI Mexico BDR,BEWW39,https://br.investing.com/etfs/beww39,96.70,-2.81%,"0,32K",17:54:59
2026-06-06,iShares US Treasury Bond BDR,BGOV39,https://br.investing.com/etfs/bgov39,38.77,+0.88%,"0,32K",17:54:59
2026-06-06,iShares Core MSCI EAFE BDR,BIEF39,https://br.investing.com/etfs/bief39,61.62,-0.50%,"0,31K",17:54:59
2026-06-06,iShares Global Tech BDR,BIXN39,https://br.investing.com/etfs/bixn39,23.50,-6.23%,"0,31K",17:54:59
2026-06-06,iShares Europe BDR,BIEV39,https://br.investing.com/etfs/biev39,74.20,+1.63%,"0,31K",17:54:59
2026-06-06,iShares iBoxx $ High Yield Corporate Bond,BHYG39,https://br.investing.com/etfs/bhyg39,51.05,+0.75%,"0,30K",17:54:59
2026-06-06,iShares Core S&P Total U.S. Stock Market BDR,BITO39,https://br.investing.com/etfs/bito39,83.16,-0.80%,"0,30K",17:54:59
2026-06-06,iShares MSCI India BDR,BNDA39,https://br.investing.com/etfs/bnda39,61.04,+1.33%,"0,29K",17:54:59
2026-06-06,iShares MSCI USA Momentum Factor BDR,BMTU39,https://br.investing.com/etfs/bmtu39,79.56,-4.99%,"0,29K",17:54:59
2026-06-06,Investo GV GA & ES ETF,JOGO11,https://br.investing.com/etfs/jogo11,112.69,-0.16%,"0,29K",17:54:59
2026-06-06,Bindex Connect China Universal CSI 300 Fundo de Ín,PKIN11,https://br.investing.com/etfs/pkin11,119.35,-1.51%,"0,28K",17:54:59
2026-06-06,Buena Vista Bloomberg US Billionaires,RICO11,https://br.investing.com/etfs/rico11,30.70,-2.23%,"0,28K",17:54:59
2026-06-06,ETF First Trust US Equity Opportunities BDR,BFPX39,https://br.investing.com/etfs/bfpx39,64.73,0.00%,"0,27K",01/06
2026-06-06,B-Index Connect China AMC Chinext Fundo de Índice,TECX11,https://br.investing.com/etfs/tecx11,189.99,-1.55%,"0,25K",17:54:59
2026-06-06,Investo Brazil Small Cap Value ETF,SCVB11,https://br.investing.com/etfs/scvb11,82.76,-0.28%,"0,23K",17:54:59
2026-06-06,iShares Global REIT BDR,BGRT39,https://br.investing.com/etfs/bgrt39,46.85,+2.56%,"0,22K",17:54:59
2026-06-06,iShares Select Dividend BDR,BDVY39,https://br.investing.com/etfs/bdvy39,80.16,+2.47%,"0,20K",17:54:59
2026-06-06,IT Now Morningstar XT US Healthcare ETF,HTEK11,https://br.investing.com/etfs/htek11,56.98,+3.22%,"0,20K",17:54:59
2026-06-06,It Now IGCT ETF,GOVE11,https://br.investing.com/etfs/it-now-igct,73.25,-0.84%,"0,18K",17:54:59
2026-06-06,B-Index Morningstar Brasil Momento,BMMT11,https://br.investing.com/etfs/bmmt11,151.59,-1.24%,"0,16K",17:54:59
2026-06-06,iShares Carbono Eficiente Brasil ETF,ECOO11,https://br.investing.com/etfs/ishares-carbon-efficient-brasil,137.81,-0.96%,"0,14K",17:54:59
2026-06-06,BTG Pactual IRF-M P2,LTNB11,https://br.investing.com/etfs/ltnb11,109.04,-0.99%,"0,14K",17:54:59
2026-06-06,iShares MSCI World BDR,BURT39,https://br.investing.com/etfs/burt39,69.29,-0.30%,"0,14K",17:54:59
2026-06-06,It Now S&P Tesouro Americano 10 Anos Brl,T10R11,https://br.investing.com/etfs/t10r11,54.07,-0.31%,"0,14K",17:54:59
2026-06-06,B-INDEX MORNINGSTAR SETORES CICLICOS BRASIL FDI,BCIC11,https://br.investing.com/etfs/bcic11,129.51,-0.90%,"0,14K",17:54:59
2026-06-06,ETF Investo Bluestar Alternative Managers,PEVC11,https://br.investing.com/etfs/pevc11,154.91,+4.35%,"0,13K",17:54:59
2026-06-06,B-INDEX MORNINGSTAR BRASIL PESOS IGUAIS,BREW11,https://br.investing.com/etfs/brew11,138.29,-0.88%,"0,12K",17:54:59
2026-06-06,BTG Pactual ESG ETF,ESGB11,https://br.investing.com/etfs/esgb11,114.24,-0.62%,"0,12K",17:54:59
2026-06-06,iShares Exponential Technologies BDR,BXTC39,https://br.investing.com/etfs/bxtc39,69.39,-1.43%,"0,12K",17:54:59
2026-06-06,Investo Brazil Domestic Exposure ETF,BDOM11,https://br.investing.com/etfs/bdom11-bm-fbovespa,126.00,-0.17%,"0,10K",17:54:59
2026-06-06,iShares MSCI Emerging Markets Min Vol Factor BDR,BEMV39,https://br.investing.com/etfs/bemv39,61.68,-2.56%,"0,10K",17:54:59
2026-06-06,iShares Core Dividend Growth BDR,BGWH39,https://br.investing.com/etfs/bgwh39,75.79,+0.92%,"0,10K",03/06
2026-06-06,iShares MSCI EAFE Min Vol Factor BDR,BFAV39,https://br.investing.com/etfs/bfav39,57.39,-0.64%,"0,10K",17:54:59
2026-06-06,iShares MSCI USA Value Factor BDR,BVLU39,https://br.investing.com/etfs/bvlu39,99.80,-2.16%,"0,10K",17:54:59
2026-06-06,iShares MSCI Eurozone BDR,BEZU39,https://br.investing.com/etfs/bezu39,87.22,+0.36%,"0,09K",17:54:59
2026-06-06,iShares Core S&P Small-Cap BDR,BIJR39,https://br.investing.com/etfs/bijr39,88.60,+2.40%,"0,08K",17:54:59
2026-06-06,iShares MSCI USA Quality Factor BDR,BQUA39,https://br.investing.com/etfs/bqua39,73.80,+1.21%,"0,07K",17:54:59
2026-06-06,iShares MSCI EAFE BDR,BEFA39,https://br.investing.com/etfs/befa39,65.90,-0.38%,63.00,17:54:59
2026-06-06,iShares GSCI Commodity Dynamic Roll Strategy BDR,BCOM39,https://br.investing.com/etfs/bcom39,57.24,-2.85%,"0,06K",17:54:59
2026-06-06,iShares China Large-Cap BDR,BFXI39,https://br.investing.com/etfs/bfxi39,35.68,-1.03%,50.00,17:54:59
2026-06-06,iShares Core S&P Mid-Cap BDR,BIJH39,https://br.investing.com/etfs/bijh39,19.22,+0.52%,"0,04K",17:54:59
2026-06-06,Global X MLP BDR,BLPA39,https://br.investing.com/etfs/blpa39,35.13,+3.41%,"0,03K",17:54:59
2026-06-06,It Now MSCI USA IMI Millenials Select 50 ETF,MILL11,https://br.investing.com/etfs/mill11,84.84,-2.88%,"0,03K",17:54:59
2026-06-06,iShares MSCI EAFE Value BDR,BEFV39,https://br.investing.com/etfs/befv39,66.07,+0.35%,"0,02K",17:54:59
2026-06-06,Global X SuperDividend REIT BDR,BSRE39,https://br.investing.com/etfs/bsre39,37.08,0.00%,"0,02K",02/06
2026-06-06,JPMorgan Equity Premium Income BDR,JEPI39,https://br.investing.com/etfs/jepi39,47.79,+1.72%,"0,02K",17:54:59
2026-06-06,Global X Video Games & Esports BDR,BHER39,https://br.investing.com/etfs/bher39,32.04,-0.87%,"0,02K",17:54:59
2026-06-06,First Trust Nasdaq Clean Edge Green Energy,BQCL39,https://br.investing.com/etfs/bqcl39,43.08,0.00%,"0,02K",03/06
2026-06-06,Global X S&P 500 Catholic Values BDR,BCAT39,https://br.investing.com/etfs/bcat39,45.50,0.00%,"0,02K",03/06
2026-06-06,iShares S&P 500 Growth BDR,BIVW39,https://br.investing.com/etfs/bivw39,88.49,-0.42%,"0,02K",17:54:59
2026-06-06,Safra Ibovespa Empresas Estatais Fundo de Índice -,SPUB11,https://br.investing.com/etfs/spub11-b3,61.74,-0.87%,"0,02K",17:54:59
2026-06-06,iShares MSCI United Kingdom BDR,BEWU39,https://br.investing.com/etfs/bewu39,78.46,0.00%,"0,01K",17:54:59
2026-06-06,Caixa Ibovespa ETF,XBOV11,https://br.investing.com/etfs/caixa-ibovespa,165.06,-0.81%,"0,01K",17:54:59
2026-06-06,iShares Core US REIT BDR,BUSR39,https://br.investing.com/etfs/busr39,51.80,-4.34%,"0,01K",17:54:59
2026-06-06,ETF First Trust Nasdaq Cybersecurity BDR,BCIR39,https://br.investing.com/etfs/bcir39,90.45,-4.56%,"0,01K",17:54:59
2026-06-06,Global X SuperDividend BDR,BSDV39,https://br.investing.com/etfs/bsdv39,62.88,+1.35%,"0,01K",17:54:59
2026-06-06,Global X FinTech BDR,BFNX39,https://br.investing.com/etfs/bfnx39,24.39,-2.32%,"0,01K",17:54:59
2026-06-06,ETF First Trust Nasdaq 100 Technology,BQTC39,https://br.investing.com/etfs/bqtc39,109.37,-0.47%,"0,01K",02/06
2026-06-06,iShares MSCI Australia BDR,BEWA39,https://br.investing.com/etfs/bewa39,48.30,-2.13%,"0,01K",17:54:59
2026-06-06,iShares Global Infrastructure BDR,BIGF39,https://br.investing.com/etfs/bigf39,83.66,-0.54%,"0,01K",01/06
2026-06-06,Global X MLP & Energy Infrastructure BDR,BLPX39,https://br.investing.com/etfs/blpx39,47.35,+0.85%,"0,01K",17:54:59
2026-06-06,Global X Blockchain BDR,BKCH39,https://br.investing.com/etfs/bkch39,32.98,-11.34%,"0,01K",17:54:59
2026-06-06,iShares MSCI Switzerland BDR,BEWL39,https://br.investing.com/etfs/bewl39,63.19,+1.85%,"0,01K",17:54:59
2026-06-06,iShares MSCI France BDR,BEWQ39,https://br.investing.com/etfs/bewq39,57.84,0.00%,"0,01K",02/06
2026-06-06,Global X Autonomous & Electric Vehicles BDR,BDRI39,https://br.investing.com/etfs/bdri39,68.08,-4.92%,"0,00K",17:54:59
2026-06-06,It Now Ibovespa B3 BR+,B3BR11,https://br.investing.com/etfs/b3br11,57.77,+0.56%,"0,00K",17:54:59
2026-06-06,Global X Cloud Computing BDR,BCLO39,https://br.investing.com/etfs/bclo39,41.69,-3.20%,"0,00K",03/06
2026-06-06,iShares MSCI Brazil BDR,BEWZ39,https://br.investing.com/etfs/bewz39,58.50,-0.31%,"0,00K",17:54:59
2026-06-06,iShares 1-3 Year Treasury Bond BDR,BSHY39,https://br.investing.com/etfs/bshy39,52.72,+1.11%,"0,00K",17:54:59
2026-06-06,iShares ESG Aware MSCI USA BDR,BEGU39,https://br.investing.com/etfs/begu39,83.36,+0.66%,"0,00K",17:54:59
2026-06-06,Investo Brazil Global Exposure ETF,BXPO11,https://br.investing.com/etfs/bxpo11,146.09,-0.94%,"0,00K",17:54:59
2026-06-06,iShares TIPS Bond ETF,BTIP39,https://br.investing.com/etfs/btip39,56.17,+1.68%,"0,00K",17:54:59
2026-06-06,iShares Global Financials BDR,BIXG39,https://br.investing.com/etfs/bixg39,76.00,-0.13%,"0,00K",03/06
2026-06-06,ETF iShares MSCI EAFE Small-Cap BDR,BSCZ39,https://br.investing.com/etfs/bscz39,53.90,0.00%,"0,00K",02/06
2026-06-06,ETF First Trust Natural Gas BDR,BFCG39,https://br.investing.com/etfs/bfcg39,74.13,0.00%,"0,00K",01/06
2026-06-06,iShares Core MSCI Total International Stock BDR,BIXU39,https://br.investing.com/etfs/bixu39,81.83,-0.49%,"0,00K",17:54:59
2026-06-06,JPMorgan BetaBuilders Japan BDR,BBJP39,https://br.investing.com/etfs/bbjp39,77.52,0.00%,"0,00K",03/06
2026-06-06,iShares MSCI Global Min Vol Factor BDR,BCWV39,https://br.investing.com/etfs/bcwv39,62.10,+1.17%,"0,00K",17:54:59
2026-06-06,iShares US Pharmaceuticals ETF,BIHE39,https://br.investing.com/etfs/bihe39,26.37,+3.74%,"0,00K",17:54:59
2026-06-06,iShares MSCI Hong Kong BDR,BEWH39,https://br.investing.com/etfs/bewh39,38.76,0.00%,"0,00K",03/06
2026-06-06,Global X SuperDividend US BDR,BDVD39,https://br.investing.com/etfs/bdvd39,51.56,+7.43%,"0,00K",17:54:59
2026-06-06,iShares Russell 1000 Growth BDR,BIWF39,https://br.investing.com/etfs/biwf39,25.61,-0.51%,"0,00K",17:54:59
2026-06-06,BB ÍNDICE BOVESPA B3 BR+ FUNDO DE ÍNDICE RESPONSAB,BRAZ11,https://br.investing.com/etfs/braz11-b3,11.57,+0.61%,"0,00K",17:54:59
2026-06-06,iShares S&P 100 BDR,BOEF39,https://br.investing.com/etfs/boef39,95.08,0.00%,"0,00K",01/06
2026-06-06,iShares MSCI USA Min Vol Factor BDR,BUSM39,https://br.investing.com/etfs/busm39,61.57,+1.00%,"0,00K",03/06
2026-06-06,iShares US Financial Services BDR,BIYG39,https://br.investing.com/etfs/biyg39,22.50,+2.65%,"0,00K",17:54:59
2026-06-06,ETF First Trust International Equity BDR,BFPI39,https://br.investing.com/etfs/bfpi39,36.50,0.00%,0,15/05
2026-06-06,ETF First Trust Value Line Dividend BDR,BFVD39,https://br.investing.com/etfs/bfvd39,62.19,0.00%,0,10/12
2026-06-06,ETF First Trust Capital Strength BDR,BFTS39,https://br.investing.com/etfs/bfts39,64.00,0.00%,0,19/01
2026-06-06,ETF First Trust LargeCap Growth Alphadex BDR,BFTC39,https://br.investing.com/etfs/bftc39,48.11,0.00%,0,08/01
2026-06-06,ETF First Trust MorningStar Dividend Leaders BDR,BFDL39,https://br.investing.com/etfs/bfdl39,66.57,0.00%,0,02/03
2026-06-06,ETF First Trust Rising Dividend Achievers BDR,BFDA39,https://br.investing.com/etfs/bfda39,72.37,0.00%,0,25/03
2026-06-06,ETF VanEck Vectors Steel BDR,SLXB39,https://br.investing.com/etfs/slxb39,77.81,0.00%,0,17/03
2026-06-06,ETF First Trust Nasdaq-100 Equal Weighted BDR,BQQW39,https://br.investing.com/etfs/bqqw39,73.36,0.00%,0,19/05
2026-06-06,ETF First Trust Dow Jones Internet Index BDR,BFDN39,https://br.investing.com/etfs/bfdn39,45.90,0.00%,0,22/05
2026-06-06,ETF First Trust Cloud Computings BDR,BKYY39,https://br.investing.com/etfs/bkyy39,63.00,0.00%,0,20/05
2026-06-06,iShares MSCI USA Size Factor BDR,BSIZ39,https://br.investing.com/etfs/bsiz39,55.38,0.00%,0,02/04
2026-06-06,ETF VanEck Vectors Morningstar Wide Moat BDR,MOTB39,https://br.investing.com/etfs/motb39,64.68,0.00%,0,27/05
2026-06-06,iShares ESG Aware MSCI EM BDR,BEGE39,https://br.investing.com/etfs/bege39,57.66,0.00%,0,30/03
2026-06-06,abrdn Physical Gold Shares BDR,ABGD39,https://br.investing.com/etfs/abgd39,107.00,0.00%,0,28/05
2026-06-06,iShares Currency Hedged MSCI Japan BDR,BHEW39,https://br.investing.com/etfs/bhew39,68.88,0.00%,0,07/10
2026-06-06,ETF VanEck Vectors Social Sentiment BDR,BUZZ39,https://br.investing.com/etfs/buzz39,34.56,0.00%,0,12/03
2026-06-06,iShares MSCI Spain BDR,BEWP39,https://br.investing.com/etfs/bewp39,95.40,0.00%,0,21/05
2026-06-06,iShares ESG Aware MSCI EAFE BDR,BEGD39,https://br.investing.com/etfs/begd39,63.24,0.00%,0,16/03
2026-06-06,ETF iShares MSCI USA ESG Select BDR,BUSA39,https://br.investing.com/etfs/busa39,60.72,0.00%,0,07/04
2026-06-06,Global X Millennial Consumer BDR,BMIL39,https://br.investing.com/etfs/bmil39,55.84,0.00%,0,28/05
2026-06-06,Global X Internet of Things BDR,BSNS39,https://br.investing.com/etfs/bsns39,48.88,0.00%,0,08/04
2026-06-06,Global X Social Media BDR,BSOC39,https://br.investing.com/etfs/bsoc39,39.96,0.00%,0,29/04
2026-06-06,iShares Currency Hedged MSCI EAFE BDR,BHEF39,https://br.investing.com/etfs/bhef39,57.19,0.00%,0,28/05
2026-06-06,ETF First Trust NYSE Arca Biotechnology BDR,BFBI39,https://br.investing.com/etfs/bfbi39,53.45,0.00%,0,26/05
2026-06-06,iShares ESG MSCI USA Leaders BDR,BSUS39,https://br.investing.com/etfs/bsus39,76.54,0.00%,0,13/03
